{
  "nb": {
    "acc": [
      0.806146572104019,
      0.83451536643026,
      0.8486997635933806,
      0.8250591016548463,
      0.8156028368794326,
      0.8676122931442081,
      0.8392434988179669,
      0.8014184397163121,
      0.8459715639810427,
      0.8246445497630331
    ],
    "f1": [
      0.7864583333333333,
      0.835680751173709,
      0.8391959798994973,
      0.8112244897959183,
      0.8124999999999999,
      0.8578680203045685,
      0.8308457711442786,
      0.7823834196891192,
      0.8395061728395061,
      0.8221153846153847
    ],
    "prec": [
      0.7438423645320197,
      0.7946428571428571,
      0.784037558685446,
      0.7535545023696683,
      0.757847533632287,
      0.845,
      0.7767441860465116,
      0.7626262626262627,
      0.794392523364486,
      0.8028169014084507
    ],
    "rec": [
      0.8342541436464088,
      0.8811881188118812,
      0.9027027027027027,
      0.8784530386740331,
      0.8756476683937824,
      0.8711340206185567,
      0.893048128342246,
      0.8031914893617021,
      0.8900523560209425,
      0.8423645320197044
    ],
    "nb_avg": {
      "acc_avg": 0.8308913986084502,
      "prec_avg": 0.7815504689807989,
      "rec_avg": 0.8672036198591961,
      "f1_avg": 0.8217778322795315
    }
  },
  "svm": {
    "acc": [
      0.8250591016548463,
      0.8534278959810875,
      0.8605200945626478,
      0.8416075650118203,
      0.8274231678486997,
      0.8770685579196218,
      0.8392434988179669,
      0.8156028368794326,
      0.8317535545023697,
      0.8293838862559242
    ],
    "f1": [
      0.8082901554404144,
      0.8551401869158878,
      0.8585131894484412,
      0.8329177057356608,
      0.8290398126463701,
      0.8659793814432989,
      0.8357487922705314,
      0.7925531914893617,
      0.8305489260143198,
      0.8235294117647058
    ],
    "prec": [
      0.7684729064039408,
      0.8169642857142857,
      0.8403755868544601,
      0.7914691943127962,
      0.7937219730941704,
      0.84,
      0.8046511627906977,
      0.7525252525252525,
      0.8130841121495327,
      0.7887323943661971
    ],
    "rec": [
      0.8524590163934426,
      0.8970588235294118,
      0.8774509803921569,
      0.8789473684210526,
      0.8676470588235294,
      0.8936170212765957,
      0.8693467336683417,
      0.8370786516853933,
      0.848780487804878,
      0.8615384615384616
    ],
    "svm_avg": {
      "acc_avg": 0.8401090159434416,
      "prec_avg": 0.8009996868211335,
      "rec_avg": 0.8683924603533264,
      "f1_avg": 0.8332260753168992
    }
  },
  "lg": {
    "acc": [
      0.8226950354609929,
      0.8557919621749409,
      0.8534278959810875,
      0.851063829787234,
      0.8274231678486997,
      0.8841607565011821,
      0.8463356973995272,
      0.8085106382978723,
      0.8364928909952607,
      0.8483412322274881
    ],
    "f1": [
      0.8021108179419525,
      0.8578088578088577,
      0.8495145631067961,
      0.8405063291139241,
      0.8274231678486997,
      0.8740359897172236,
      0.8395061728395061,
      0.7862796833773087,
      0.8329297820823244,
      0.8461538461538461
    ],
    "prec": [
      0.7487684729064039,
      0.8214285714285714,
      0.8215962441314554,
      0.7867298578199052,
      0.7847533632286996,
      0.85,
      0.7906976744186046,
      0.7525252525252525,
      0.8037383177570093,
      0.8262910798122066
    ],
    "rec": [
      0.8636363636363636,
      0.8975609756097561,
      0.8793969849246231,
      0.9021739130434783,
      0.875,
      0.8994708994708994,
      0.8947368421052632,
      0.8232044198895028,
      0.864321608040201,
      0.8669950738916257
    ],
    "lg_avg": {
      "acc_avg": 0.8434243106674286,
      "prec_avg": 0.7986528834028108,
      "rec_avg": 0.8766497080611713,
      "f1_avg": 0.835626920999044
    }
  }
}