{
  "nb": {
    "acc": [
      0.7919621749408984,
      0.8297872340425532,
      0.8297872340425532,
      0.817966903073286,
      0.83451536643026,
      0.8416075650118203,
      0.8108747044917257,
      0.806146572104019,
      0.8127962085308057,
      0.8127962085308057
    ],
    "f1": [
      0.7914691943127963,
      0.8421052631578947,
      0.8356164383561644,
      0.8253968253968254,
      0.8444444444444444,
      0.8408551068883611,
      0.820627802690583,
      0.807511737089202,
      0.8192219679633868,
      0.8240534521158128
    ],
    "prec": [
      0.8226600985221675,
      0.8571428571428571,
      0.8591549295774648,
      0.8625592417061612,
      0.852017937219731,
      0.885,
      0.8511627906976744,
      0.8686868686868687,
      0.8364485981308412,
      0.8685446009389671
    ],
    "rec": [
      0.7625570776255708,
      0.8275862068965517,
      0.8133333333333334,
      0.7913043478260869,
      0.8370044052863436,
      0.8009049773755657,
      0.7922077922077922,
      0.7543859649122807,
      0.8026905829596412,
      0.7838983050847458
    ],
    "nb_avg": {
      "acc_avg": 0.8188240171198726,
      "prec_avg": 0.8563377922622732,
      "rec_avg": 0.7965872993507912,
      "f1_avg": 0.8251302232415471
    }
  },
  "svm": {
    "acc": [
      0.8486997635933806,
      0.8628841607565012,
      0.851063829787234,
      0.8463356973995272,
      0.8226950354609929,
      0.8770685579196218,
      0.8321513002364066,
      0.83451536643026,
      0.8317535545023697,
      0.8293838862559242
    ],
    "f1": [
      0.836734693877551,
      0.8675799086757991,
      0.8496420047732696,
      0.8379052369077307,
      0.8251748251748252,
      0.8673469387755102,
      0.8297362110311751,
      0.8223350253807107,
      0.8305489260143198,
      0.830188679245283
    ],
    "prec": [
      0.8078817733990148,
      0.8482142857142857,
      0.8356807511737089,
      0.7962085308056872,
      0.7937219730941704,
      0.85,
      0.8046511627906977,
      0.8181818181818182,
      0.8130841121495327,
      0.8262910798122066
    ],
    "rec": [
      0.8677248677248677,
      0.8878504672897196,
      0.8640776699029126,
      0.8842105263157894,
      0.8592233009708737,
      0.8854166666666666,
      0.8564356435643564,
      0.826530612244898,
      0.848780487804878,
      0.8341232227488151
    ],
    "svm_avg": {
      "acc_avg": 0.8436551152342219,
      "prec_avg": 0.8193915487121121,
      "rec_avg": 0.8614373465233779,
      "f1_avg": 0.8397192449856175
    }
  },
  "lg": {
    "acc": [
      0.8439716312056738,
      0.8557919621749409,
      0.8392434988179669,
      0.8486997635933806,
      0.8274231678486997,
      0.8699763593380615,
      0.8416075650118203,
      0.8297872340425532,
      0.8483412322274881,
      0.8412322274881516
    ],
    "f1": [
      0.8290155440414508,
      0.8597701149425288,
      0.8349514563106796,
      0.8358974358974359,
      0.8249400479616307,
      0.8578811369509043,
      0.8369829683698295,
      0.8125,
      0.8446601941747572,
      0.8385542168674699
    ],
    "prec": [
      0.7881773399014779,
      0.8348214285714286,
      0.8075117370892019,
      0.7725118483412322,
      0.7713004484304933,
      0.83,
      0.8,
      0.7878787878787878,
      0.8130841121495327,
      0.8169014084507042
    ],
    "rec": [
      0.8743169398907104,
      0.8862559241706162,
      0.864321608040201,
      0.9106145251396648,
      0.8865979381443299,
      0.8877005347593583,
      0.8775510204081632,
      0.8387096774193549,
      0.8787878787878788,
      0.8613861386138614
    ],
    "lg_avg": {
      "acc_avg": 0.8446074641748738,
      "prec_avg": 0.8022187110812858,
      "rec_avg": 0.8766242185374139,
      "f1_avg": 0.8375153115516687
    }
  }
}